,Kreuzung,Modell,Zielmetrikwert
0,1,SectionalMotif,60.394647468455595
1,2,UnivariateMotif,51.501498464955056
2,3,UnivariateMotif,75.74790495777627
3,4,DatepartRegression,116.25985715354305
